<?xml version="1.0" encoding="UTF-8"?>
<beans xmlns:context="http://www.springframework.org/schema/context"
  xmlns:mvc="http://www.springframework.org/schema/mvc"
  xmlns:xsi="http://www.w3.org/2001/XMLSchema-instance"
  xmlns="http://www.springframework.org/schema/beans"
  xsi:schemaLocation="http://www.springframework.org/schema/beans http://www.springframework.org/schema/beans/spring-beans.xsd http://www.springframework.org/schema/mvc https://www.springframework.org/schema/mvc/spring-mvc.xsd http://www.springframework.org/schema/context https://www.springframework.org/schema/context/spring-context.xsd">

  <bean class="org.springframework.web.servlet.view.InternalResourceViewResolver">
    <property name="prefix" value="/WEB-INF/view/"/>
    <property name="suffix" value=".jsp"/>
  </bean>
  <bean class="org.springframework.web.multipart.support.StandardServletMultipartResolver"
    id="multipartResolver"/>

  <context:property-placeholder location="classpath:application.properties"/>
  <mvc:annotation-driven/>

  <mvc:resources location="/assets" mapping="/assets/**"/>

  <mvc:resources location="file:${upload.path}" mapping="/download/**"/>

</beans>